picture;date;time;individual;camera;temperature;temp_9am_atmo;temp_3pm_atmo;humid%_9am;humid%_9am
C4_9;23_04_2026;07:00;3;C4;13;14.1;19.7;100;54
C4_9;23_04_2026;07:00;4;C4;13;14.1;19.7;100;54
C4_10;23_04_2026;07:15;3;C4;13;14.1;19.7;100;54
C4_10;23_04_2026;07:15;4;C4;13;14.1;19.7;100;54
C4_11;23_04_2026;07:30;3;C4;13;14.1;19.7;100;54
C4_11;23_04_2026;07:30;4;C4;13;14.1;19.7;100;54
C4_12;23_04_2026;07:45;3;C4;13;14.1;19.7;100;54
C4_12;23_04_2026;07:45;4;C4;13;14.1;19.7;100;54
C4_13;23_04_2026;08:00;3;C4;13;14.1;19.7;100;54
C4_13;23_04_2026;08:00;4;C4;13;14.1;19.7;100;54
C4_14;23_04_2026;08:15;3;C4;13;14.1;19.7;100;54
C4_14;23_04_2026;08:15;4;C4;13;14.1;19.7;100;54
C4_15;23_04_2026;08:30;3;C4;13;14.1;19.7;100;54
C4_15;23_04_2026;08:30;4;C4;13;14.1;19.7;100;54
C4_16;23_04_2026;08:45;3;C4;13;14.1;19.7;100;54
C4_17;23_04_2026;09:00;3;C4;13;14.1;19.7;100;54
C4_18;23_04_2026;09:15;3;C4;13;14.1;19.7;100;54
C4_19;23_04_2026;09:30;3;C4;13;14.1;19.7;100;54
C4_20;23_04_2026;09:45;3;C4;14;14.1;19.7;100;54
C4_21;23_04_2026;10:00;3;C4;14;14.1;19.7;100;54
C4_22;23_04_2026;10:15;3;C4;14;14.1;19.7;100;54
C4_23;23_04_2026;10:30;3;C4;15;14.1;19.7;100;54
C4_24;23_04_2026;10:45;3;C4;15;14.1;19.7;100;54
C4_25;23_04_2026;11:00;3;C4;16;14.1;19.7;100;54
C4_26;23_04_2026;11:15;3;C4;17;14.1;19.7;100;54
C4_27;23_04_2026;11:30;2;C4;18;14.1;19.7;100;54
C4_27;23_04_2026;11:30;3;C4;18;14.1;19.7;100;54
C4_28;23_04_2026;11:45;3;C4;18;14.1;19.7;100;54
C4_28;23_04_2026;11:45;4;C4;18;14.1;19.7;100;54
C4_29;23_04_2026;12:00;3;C4;19;14.1;19.7;100;54
C4_29;23_04_2026;12:00;4;C4;19;14.1;19.7;100;54
C4_29;23_04_2026;12:00;6;C4;19;14.1;19.7;100;54
C4_30;23_04_2026;12:15;1;C4;20;14.1;19.7;100;54
C4_30;23_04_2026;12:15;4;C4;20;14.1;19.7;100;54
C4_31;23_04_2026;12:30;1;C4;21;14.1;19.7;100;54
C4_31;23_04_2026;12:30;6;C4;21;14.1;19.7;100;54
C4_32;23_04_2026;12:45;4;C4;22;14.1;19.7;100;54
C4_32;23_04_2026;12:45;6;C4;22;14.1;19.7;100;54
C4_33;23_04_2026;13:00;1;C4;22;14.1;19.7;100;54
C4_33;23_04_2026;13:00;6;C4;22;14.1;19.7;100;54
C4_33;23_04_2026;13:00;7;C4;22;14.1;19.7;100;54
C4_34;23_04_2026;13:15;4;C4;24;14.1;19.7;100;54
C4_34;23_04_2026;13:15;6;C4;24;14.1;19.7;100;54
C4_34;23_04_2026;13:15;7;C4;24;14.1;19.7;100;54
C4_35;23_04_2026;13:30;no_ID;C4;27;14.1;19.7;100;54
C4_35;23_04_2026;13:30;no_ID;C4;27;14.1;19.7;100;54
C4_35;23_04_2026;13:30;2;C4;27;14.1;19.7;100;54
C4_35;23_04_2026;13:30;4;C4;27;14.1;19.7;100;54
C4_35;23_04_2026;13:30;7;C4;27;14.1;19.7;100;54
C4_36;23_04_2026;13:45;no_ID;C4;30;14.1;19.7;100;54
C4_36;23_04_2026;13:45;2;C4;30;14.1;19.7;100;54
C4_36;23_04_2026;13:45;8;C4;30;14.1;19.7;100;54
C4_37;23_04_2026;14:00;2;C4;32;14.1;19.7;100;54
C4_37;23_04_2026;14:00;3;C4;32;14.1;19.7;100;54
C4_37;23_04_2026;14:00;no_ID;C4;32;14.1;19.7;100;54
C4_38;23_04_2026;14:15;3;C4;31;14.1;19.7;100;54
C4_38;23_04_2026;14:15;5;C4;31;14.1;19.7;100;54
C4_39;23_04_2026;14:30;no_ID;C4;30;14.1;19.7;100;54
C4_39;23_04_2026;14:30;5;C4;30;14.1;19.7;100;54
C4_39;23_04_2026;14:30;7;C4;30;14.1;19.7;100;54
C4_40;23_04_2026;14:45;2;C4;30;14.1;19.7;100;54
C4_40;23_04_2026;14:45;7;C4;30;14.1;19.7;100;54
C4_41;23_04_2026;15:00;no_ID;C4;27;14.1;19.7;100;54
C4_41;23_04_2026;15:00;2;C4;27;14.1;19.7;100;54
C4_41;23_04_2026;15:00;7;C4;27;14.1;19.7;100;54
C4_42;23_04_2026;15:15;2;C4;25;14.1;19.7;100;54
C4_43;23_04_2026;15:30;2;C4;23;14.1;19.7;100;54
C4_44;23_04_2026;15:45;2;C4;21;14.1;19.7;100;54
C4_53;24_04_2026;07:00;3;C4;10;13.4;18.5;100;63
C4_54;24_04_2026;07:15;3;C4;11;13.4;18.5;100;63
C4_55;24_04_2026;07:30;3;C4;11;13.4;18.5;100;63
C4_56;24_04_2026;07:45;3;C4;10;13.4;18.5;100;63
C4_57;24_04_2026;08:00;3;C4;11;13.4;18.5;100;63
C4_58;24_04_2026;08:15;3;C4;11;13.4;18.5;100;63
C4_59;24_04_2026;08:30;3;C4;12;13.4;18.5;100;63
C4_60;24_04_2026;08:45;3;C4;12;13.4;18.5;100;63
C4_61;24_04_2026;09:00;3;C4;13;13.4;18.5;100;63
C4_62;24_04_2026;09:15;3;C4;13;13.4;18.5;100;63
C4_65;24_04_2026;10:00;no_ID;C4;16;13.4;18.5;100;63
C4_65;24_04_2026;10:00;5;C4;16;13.4;18.5;100;63
C4_65;24_04_2026;10:00;7;C4;16;13.4;18.5;100;63
C4_66;24_04_2026;10:15;5;C4;17;13.4;18.5;100;63
C4_66;24_04_2026;10:15;7;C4;17;13.4;18.5;100;63
C4_67;24_04_2026;10:30;5;C4;16;13.4;18.5;100;63
C4_68;24_04_2026;10:45;5;C4;17;13.4;18.5;100;63
C4_71;24_04_2026;11:30;2;C4;22;13.4;18.5;100;63
C4_73;24_04_2026;12:00;no_ID;C4;20;13.4;18.5;100;63
C4_73;24_04_2026;12:00;6;C4;20;13.4;18.5;100;63
C4_74;24_04_2026;12:15;no_ID;C4;20;13.4;18.5;100;63
C4_74;24_04_2026;12:15;2;C4;20;13.4;18.5;100;63
C4_75;24_04_2026;12:30;2;C4;21;13.4;18.5;100;63
C4_75;24_04_2026;12:30;4;C4;21;13.4;18.5;100;63
C4_75;24_04_2026;12:30;6;C4;21;13.4;18.5;100;63
C4_76;24_04_2026;12:45;2;C4;21;13.4;18.5;100;63
C4_76;24_04_2026;12:45;4;C4;21;13.4;18.5;100;63
C4_77;24_04_2026;13:00;4;C4;22;13.4;18.5;100;63
C4_77;24_04_2026;13:00;6;C4;22;13.4;18.5;100;63
C4_78;24_04_2026;13:15;4;C4;21;13.4;18.5;100;63
C4_78;24_04_2026;13:15;6;C4;21;13.4;18.5;100;63
C4_78;24_04_2026;13:15;2;C4;21;13.4;18.5;100;63
C4_79;24_04_2026;13:30;2;C4;22;13.4;18.5;100;63
C4_79;24_04_2026;13:30;4;C4;22;13.4;18.5;100;63
C4_79;24_04_2026;13:30;6;C4;22;13.4;18.5;100;63
C4_80;24_04_2026;13:45;2;C4;23;13.4;18.5;100;63
C4_80;24_04_2026;13:45;4;C4;23;13.4;18.5;100;63
C4_80;24_04_2026;13:45;no_ID;C4;23;13.4;18.5;100;63
C4_81;24_04_2026;14:00;no_ID;C4;26;13.4;18.5;100;63
C4_81;24_04_2026;14:00;2;C4;26;13.4;18.5;100;63
C4_81;24_04_2026;14:00;4;C4;26;13.4;18.5;100;63
C4_82;24_04_2026;14:15;no_ID;C4;25;13.4;18.5;100;63
C4_82;24_04_2026;14:15;2;C4;25;13.4;18.5;100;63
C4_83;24_04_2026;14:30;2;C4;23;13.4;18.5;100;63
C4_83;24_04_2026;14:30;4;C4;23;13.4;18.5;100;63
C4_84;24_04_2026;14:45;2;C4;23;13.4;18.5;100;63
C4_84;24_04_2026;14:45;4;C4;23;13.4;18.5;100;63
C4_85;24_04_2026;15:00;2;C4;22;13.4;18.5;100;63
C4_85;24_04_2026;15:00;4;C4;22;13.4;18.5;100;63
C4_86;24_04_2026;15:15;2;C4;22;13.4;18.5;100;63
C4_101;25_04_2026;08:00;3;C4;8;16.7;20.3;69;50
C4_102;25_04_2026;08:15;3;C4;9;16.7;20.3;69;50
C4_103;25_04_2026;08:30;3;C4;10;16.7;20.3;69;50
C4_109;25_04_2026;10:00;5;C4;15;16.7;20.3;69;50
C4_110;25_04_2026;10:15;5;C4;17;16.7;20.3;69;50
C4_111;25_04_2026;10:30;5;C4;20;16.7;20.3;69;50
C4_112;25_04_2026;10:45;3;C4;20;16.7;20.3;69;50
C4_112;25_04_2026;10:45;4;C4;20;16.7;20.3;69;50
C4_112;25_04_2026;10:45;5;C4;20;16.7;20.3;69;50
C4_114;25_04_2026;11:15;4;C4;22;16.7;20.3;69;50
C4_114;25_04_2026;11:15;5;C4;22;16.7;20.3;69;50
C4_115;25_04_2026;11:30;no_ID;C4;23;16.7;20.3;69;50
C4_115;25_04_2026;11:30;5;C4;23;16.7;20.3;69;50
C4_115;25_04_2026;11:30;6;C4;23;16.7;20.3;69;50
C4_116;25_04_2026;11:45;no_ID;C4;22;16.7;20.3;69;50
C4_116;25_04_2026;11:45;5;C4;22;16.7;20.3;69;50
C4_117;25_04_2026;12:00;3;C4;23;16.7;20.3;69;50
C4_117;25_04_2026;12:00;4;C4;23;16.7;20.3;69;50
C4_117;25_04_2026;12:00;5;C4;23;16.7;20.3;69;50
C4_118;25_04_2026;12:15;3;C4;25;16.7;20.3;69;50
C4_118;25_04_2026;12:15;4;C4;25;16.7;20.3;69;50
C4_118;25_04_2026;12:15;5;C4;25;16.7;20.3;69;50
C4_119;25_04_2026;12:30;4;C4;23;16.7;20.3;69;50
C4_119;25_04_2026;12:30;5;C4;23;16.7;20.3;69;50
C4_120;25_04_2026;12:45;2;C4;25;16.7;20.3;69;50
C4_120;25_04_2026;12:45;4;C4;25;16.7;20.3;69;50
C4_120;25_04_2026;12:45;5;C4;25;16.7;20.3;69;50
C4_120;25_04_2026;12:45;6;C4;25;16.7;20.3;69;50
C4_121;25_04_2026;13:00;no_ID;C4;26;16.7;20.3;69;50
C4_121;25_04_2026;13:00;4;C4;26;16.7;20.3;69;50
C4_121;25_04_2026;13:00;5;C4;26;16.7;20.3;69;50
C4_121;25_04_2026;13:00;6;C4;26;16.7;20.3;69;50
C4_122;25_04_2026;13:15;no_ID;C4;27;16.7;20.3;69;50
C4_122;25_04_2026;13:15;4;C4;27;16.7;20.3;69;50
C4_124;25_04_2026;13:45;no_ID;C4;33;16.7;20.3;69;50
C4_124;25_04_2026;13:45;4;C4;33;16.7;20.3;69;50
C4_124;25_04_2026;13:45;5;C4;33;16.7;20.3;69;50
C4_126;25_04_2026;14:15;1;C4;37;16.7;20.3;69;50
C4_128;25_04_2026;14:45;no_ID;C4;37;16.7;20.3;69;50
C4_128;25_04_2026;14:45;no_ID;C4;37;16.7;20.3;69;50
C4_128;25_04_2026;14:45;8;C4;37;16.7;20.3;69;50
C4_129;25_04_2026;15:00;6;C4;37;16.7;20.3;69;50
C4_130;25_04_2026;15:15;2;C4;34;16.7;20.3;69;50
C4_130;25_04_2026;15:15;6;C4;34;16.7;20.3;69;50
C4_131;25_04_2026;15:30;2;C4;33;16.7;20.3;69;50
C4_147;26_04_2026;08:30;3;C4;11;16.5;23.9;67;36
C4_148;26_04_2026;08:45;no_ID;C4;11;16.5;23.9;67;36
C4_148;26_04_2026;08:45;3;C4;11;16.5;23.9;67;36
C4_149;26_04_2026;09:00;5;C4;12;16.5;23.9;67;36
C4_149;26_04_2026;09:00;3;C4;12;16.5;23.9;67;36
C4_150;26_04_2026;09:15;5;C4;12;16.5;23.9;67;36
C4_150;26_04_2026;09:15;3;C4;12;16.5;23.9;67;36
C4_151;26_04_2026;09:30;3;C4;13;16.5;23.9;67;36
C4_151;26_04_2026;09:30;5;C4;13;16.5;23.9;67;36
C4_152;26_04_2026;09:45;3;C4;14;16.5;23.9;67;36
C4_153;26_04_2026;10:00;3;C4;16;16.5;23.9;67;36
C4_154;26_04_2026;10:15;3;C4;18;16.5;23.9;67;36
C4_154;26_04_2026;10:15;8;C4;18;16.5;23.9;67;36
C4_155;26_04_2026;10:30;1;C4;20;16.5;23.9;67;36
C4_155;26_04_2026;10:30;3;C4;20;16.5;23.9;67;36
C4_155;26_04_2026;10:30;8;C4;20;16.5;23.9;67;36
C4_156;26_04_2026;10:45;5;C4;22;16.5;23.9;67;36
C4_156;26_04_2026;10:45;8;C4;22;16.5;23.9;67;36
C4_157;26_04_2026;11:00;no_ID;C4;24;16.5;23.9;67;36
C4_159;26_04_2026;11:30;7;C4;27;16.5;23.9;67;36
C4_159;26_04_2026;11:30;8;C4;27;16.5;23.9;67;36
C4_161;26_04_2026;12:00;7;C4;31;16.5;23.9;67;36
C4_163;26_04_2026;12:30;1;C4;33;16.5;23.9;67;36
C4_165;26_04_2026;13:00;no_ID;C4;35;16.5;23.9;67;36
C4_165;26_04_2026;13:00;5;C4;35;16.5;23.9;67;36
C4_166;26_04_2026;13:15;1;C4;36;16.5;23.9;67;36
C4_166;26_04_2026;13:15;4;C4;36;16.5;23.9;67;36
C4_168;26_04_2026;13:45;3;C4;37;16.5;23.9;67;36
C4_170;26_04_2026;14:15;6;C4;34;16.5;23.9;67;36
C4_171;26_04_2026;14:30;6;C4;33;16.5;23.9;67;36
C4_172;26_04_2026;14:45;2;C4;31;16.5;23.9;67;36
C4_172;26_04_2026;14:45;6;C4;31;16.5;23.9;67;36
C4_173;26_04_2026;15:00;2;C4;30;16.5;23.9;67;36
C4_173;26_04_2026;15:00;6;C4;30;16.5;23.9;67;36
C4_174;26_04_2026;15:15;2;C4;30;16.5;23.9;67;36
C4_175;26_04_2026;15:30;2;C4;31;16.5;23.9;67;36
C4_175;26_04_2026;15:30;3;C4;31;16.5;23.9;67;36
C4_176;26_04_2026;15:45;2;C4;29;16.5;23.9;67;36
C4_176;26_04_2026;15:45;3;C4;29;16.5;23.9;67;36
C4_177;26_04_2026;16:00;3;C4;27;16.5;23.9;67;36
C4_178;26_04_2026;16:15;3;C4;26;16.5;23.9;67;36
C4_200;27_04_2026;11:00;3;C4;14;16.5;15;92;100
C4_201;27_04_2026;11:15;3;C4;14;16.5;15;92;100
C4_202;27_04_2026;11:30;3;C4;14;16.5;15;92;100
C4_203;27_04_2026;11:45;3;C4;15;16.5;15;92;100
C4_204;27_04_2026;12:00;3;C4;15;16.5;15;92;100
C4_205;27_04_2026;12:15;3;C4;15;16.5;15;92;100
C4_206;27_04_2026;12:30;3;C4;16;16.5;15;92;100
C4_207;27_04_2026;12:45;3;C4;16;16.5;15;92;100
C4_210;27_04_2026;13:30;4;C4;15;16.5;15;92;100
C4_228;28_04_2026;07:30;no_ID;C4;12;15.6;18.2;95;83
C4_229;28_04_2026;07:45;3;C4;12;15.6;18.2;95;83
C4_230;28_04_2026;08:00;3;C4;12;15.6;18.2;95;83
C4_231;28_04_2026;08:15;3;C4;13;15.6;18.2;95;83
C4_232;28_04_2026;08:30;3;C4;13;15.6;18.2;95;83
C4_233;28_04_2026;08:45;3;C4;14;15.6;18.2;95;83
C4_234;28_04_2026;09:00;3;C4;14;15.6;18.2;95;83
C4_235;28_04_2026;09:15;3;C4;15;15.6;18.2;95;83
C4_236;28_04_2026;09:30;3;C4;15;15.6;18.2;95;83
C4_237;28_04_2026;09:45;3;C4;15;15.6;18.2;95;83
C4_237;28_04_2026;09:45;5;C4;15;15.6;18.2;95;83
C4_238;28_04_2026;10:00;3;C4;16;15.6;18.2;95;83
C4_238;28_04_2026;10:00;5;C4;16;15.6;18.2;95;83
C4_239;28_04_2026;10:15;no_ID;C4;16;15.6;18.2;95;83
C4_239;28_04_2026;10:15;3;C4;16;15.6;18.2;95;83
C4_239;28_04_2026;10:15;8;C4;16;15.6;18.2;95;83
C4_240;28_04_2026;10:30;2;C4;16;15.6;18.2;95;83
C4_240;28_04_2026;10:30;3;C4;16;15.6;18.2;95;83
C4_240;28_04_2026;10:30;8;C4;16;15.6;18.2;95;83
C4_240;28_04_2026;10:30;no_ID;C4;16;15.6;18.2;95;83
C4_240;28_04_2026;10:30;no_ID;C4;16;15.6;18.2;95;83
C4_241;28_04_2026;10:45;2;C4;16;15.6;18.2;95;83
C4_241;28_04_2026;10:45;3;C4;16;15.6;18.2;95;83
C4_241;28_04_2026;10:45;8;C4;16;15.6;18.2;95;83
C4_241;28_04_2026;10:45;no_ID;C4;16;15.6;18.2;95;83
C4_242;28_04_2026;11:00;no_ID;C4;16;15.6;18.2;95;83
C4_242;28_04_2026;11:00;2;C4;16;15.6;18.2;95;83
C4_242;28_04_2026;11:00;3;C4;16;15.6;18.2;95;83
C4_242;28_04_2026;11:00;8;C4;16;15.6;18.2;95;83
C4_243;28_04_2026;11:15;no_ID;C4;16;15.6;18.2;95;83
C4_243;28_04_2026;11:15;3;C4;16;15.6;18.2;95;83
C4_244;28_04_2026;11:30;no_ID;C4;16;15.6;18.2;95;83
C4_244;28_04_2026;11:30;3;C4;16;15.6;18.2;95;83
C4_245;28_04_2026;11:45;no_ID;C4;16;15.6;18.2;95;83
C4_245;28_04_2026;11:45;3;C4;16;15.6;18.2;95;83
C4_246;28_04_2026;12:00;no_ID;C4;16;15.6;18.2;95;83
C4_246;28_04_2026;12:00;3;C4;16;15.6;18.2;95;83
C4_247;28_04_2026;12:15;no_ID;C4;16;15.6;18.2;95;83
C4_247;28_04_2026;12:15;3;C4;16;15.6;18.2;95;83
C4_248;28_04_2026;12:30;3;C4;16;15.6;18.2;95;83
C4_248;28_04_2026;12:30;6;C4;16;15.6;18.2;95;83
C4_275;29_04_2026;08:30;3;C4;15;18;20;95;79
C4_276;29_04_2026;08:45;3;C4;15;18;20;95;79
C4_276;29_04_2026;08:45;6;C4;15;18;20;95;79
C4_277;29_04_2026;09:00;3;C4;16;18;20;95;79
C4_277;29_04_2026;09:00;6;C4;16;18;20;95;79
C4_278;29_04_2026;09:15;3;C4;16;18;20;95;79
C4_278;29_04_2026;09:15;6;C4;16;18;20;95;79
C4_279;29_04_2026;09:30;2;C4;17;18;20;95;79
C4_279;29_04_2026;09:30;3;C4;17;18;20;95;79
C4_279;29_04_2026;09:30;6;C4;17;18;20;95;79
C4_280;29_04_2026;09:45;3;C4;18;18;20;95;79
C4_281;29_04_2026;10:00;2;C4;19;18;20;95;79
C4_281;29_04_2026;10:00;3;C4;19;18;20;95;79
C4_281;29_04_2026;10:00;7;C4;19;18;20;95;79
C4_282;29_04_2026;10:15;no_ID;C4;19;18;20;95;79
C4_282;29_04_2026;10:15;1;C4;19;18;20;95;79
C4_282;29_04_2026;10:15;2;C4;19;18;20;95;79
C4_282;29_04_2026;10:15;3;C4;19;18;20;95;79
C4_282;29_04_2026;10:15;7;C4;19;18;20;95;79
C4_282;29_04_2026;10:15;8;C4;19;18;20;95;79
C4_283;29_04_2026;10:30;1;C4;21;18;20;95;79
C4_283;29_04_2026;10:30;2;C4;21;18;20;95;79
C4_283;29_04_2026;10:30;3;C4;21;18;20;95;79
C4_283;29_04_2026;10:30;4;C4;21;18;20;95;79
C4_283;29_04_2026;10:30;7;C4;21;18;20;95;79
C4_283;29_04_2026;10:30;8;C4;21;18;20;95;79
C4_284;29_04_2026;10:45;1;C4;23;18;20;95;79
C4_284;29_04_2026;10:45;3;C4;23;18;20;95;79
C4_284;29_04_2026;10:45;4;C4;23;18;20;95;79
C4_284;29_04_2026;10:45;6;C4;23;18;20;95;79
C4_284;29_04_2026;10:45;7;C4;23;18;20;95;79
C4_284;29_04_2026;10:45;8;C4;23;18;20;95;79
C4_285;29_04_2026;11:00;1;C4;23;18;20;95;79
C4_285;29_04_2026;11:00;2;C4;23;18;20;95;79
C4_285;29_04_2026;11:00;3;C4;23;18;20;95;79
C4_285;29_04_2026;11:00;4;C4;23;18;20;95;79
C4_285;29_04_2026;11:00;6;C4;23;18;20;95;79
C4_285;29_04_2026;11:00;7;C4;23;18;20;95;79
C4_285;29_04_2026;11:00;8;C4;23;18;20;95;79
C4_286;29_04_2026;11:15;no_ID;C4;23;18;20;95;79
C4_286;29_04_2026;11:15;1;C4;23;18;20;95;79
C4_286;29_04_2026;11:15;2;C4;23;18;20;95;79
C4_286;29_04_2026;11:15;4;C4;23;18;20;95;79
C4_286;29_04_2026;11:15;7;C4;23;18;20;95;79
C4_287;29_04_2026;11:30;no_ID;C4;24;18;20;95;79
C4_287;29_04_2026;11:30;2;C4;24;18;20;95;79
C4_287;29_04_2026;11:30;3;C4;24;18;20;95;79
C4_287;29_04_2026;11:30;4;C4;24;18;20;95;79
C4_287;29_04_2026;11:30;7;C4;24;18;20;95;79
C4_287;29_04_2026;11:30;8;C4;24;18;20;95;79
C4_288;29_04_2026;11:45;2;C4;25;18;20;95;79
C4_288;29_04_2026;11:45;3;C4;25;18;20;95;79
C4_288;29_04_2026;11:45;4;C4;25;18;20;95;79
C4_288;29_04_2026;11:45;6;C4;25;18;20;95;79
C4_288;29_04_2026;11:45;8;C4;25;18;20;95;79
C4_289;29_04_2026;12:00;3;C4;23;18;20;95;79
C4_289;29_04_2026;12:00;4;C4;23;18;20;95;79
C4_289;29_04_2026;12:00;5;C4;23;18;20;95;79
C4_289;29_04_2026;12:00;6;C4;23;18;20;95;79
C4_290;29_04_2026;12:15;2;C4;22;18;20;95;79
C4_290;29_04_2026;12:15;3;C4;22;18;20;95;79
C4_290;29_04_2026;12:15;4;C4;22;18;20;95;79
C4_290;29_04_2026;12:15;6;C4;22;18;20;95;79
C4_290;29_04_2026;12:15;7;C4;22;18;20;95;79
C4_291;29_04_2026;12:30;no_ID;C4;22;18;20;95;79
C4_291;29_04_2026;12:30;2;C4;22;18;20;95;79
C4_291;29_04_2026;12:30;6;C4;22;18;20;95;79
C4_291;29_04_2026;12:30;7;C4;22;18;20;95;79
C4_292;29_04_2026;12:45;no_ID;C4;22;18;20;95;79
C4_292;29_04_2026;12:45;2;C4;22;18;20;95;79
C4_292;29_04_2026;12:45;6;C4;22;18;20;95;79
C4_292;29_04_2026;12:45;7;C4;22;18;20;95;79
C4_293;29_04_2026;13:00;no_ID;C4;22;18;20;95;79
C4_293;29_04_2026;13:00;8;C4;22;18;20;95;79
C4_294;29_04_2026;13:15;4;C4;22;18;20;95;79
C4_294;29_04_2026;13:15;6;C4;22;18;20;95;79
C4_295;29_04_2026;13:30;2;C4;21;18;20;95;79
C4_295;29_04_2026;13:30;4;C4;21;18;20;95;79
C4_296;29_04_2026;13:45;2;C4;21;18;20;95;79
C4_296;29_04_2026;13:45;4;C4;21;18;20;95;79
C4_296;29_04_2026;13:45;7;C4;21;18;20;95;79
C4_296;29_04_2026;13:45;8;C4;21;18;20;95;79
C4_297;29_04_2026;14:00;2;C4;22;18;20;95;79
C4_297;29_04_2026;14:00;4;C4;22;18;20;95;79
C4_297;29_04_2026;14:00;7;C4;22;18;20;95;79
C4_298;29_04_2026;14:15;2;C4;22;18;20;95;79
C4_298;29_04_2026;14:15;4;C4;22;18;20;95;79
C4_298;29_04_2026;14:15;7;C4;22;18;20;95;79
C4_299;29_04_2026;14:30;2;C4;22;18;20;95;79
C4_299;29_04_2026;14:30;4;C4;22;18;20;95;79
C4_300;29_04_2026;14:45;2;C4;21;18;20;95;79
C4_300;29_04_2026;14:45;4;C4;21;18;20;95;79
C4_301;29_04_2026;15:00;2;C4;20;18;20;95;79
C4_302;29_04_2026;15:15;2;C4;20;18;20;95;79
C4_318;30_04_2026;08:15;6;C4;11;15.1;18.1;100;76
C4_319;30_04_2026;08:30;6;C4;12;15.1;18.1;100;76
C4_320;30_04_2026;08:45;3;C4;12;15.1;18.1;100;76
C4_320;30_04_2026;08:45;6;C4;12;15.1;18.1;100;76
C4_321;30_04_2026;09:00;3;C4;12;15.1;18.1;100;76
C4_323;30_04_2026;09:30;5;C4;13;15.1;18.1;100;76
C4_324;30_04_2026;09:45;8;C4;14;15.1;18.1;100;76
C4_324;30_04_2026;09:45;5;C4;14;15.1;18.1;100;76
C4_325;30_04_2026;10:00;1;C4;15;15.1;18.1;100;76
C4_325;30_04_2026;10:00;5;C4;15;15.1;18.1;100;76
C4_325;30_04_2026;10:00;7;C4;15;15.1;18.1;100;76
C4_325;30_04_2026;10:00;8;C4;15;15.1;18.1;100;76
C4_326;30_04_2026;10:15;1;C4;17;15.1;18.1;100;76
C4_326;30_04_2026;10:15;5;C4;17;15.1;18.1;100;76
C4_326;30_04_2026;10:15;7;C4;17;15.1;18.1;100;76
C4_326;30_04_2026;10:15;8;C4;17;15.1;18.1;100;76
C4_327;30_04_2026;10:30;5;C4;19;15.1;18.1;100;76
C4_327;30_04_2026;10:30;7;C4;19;15.1;18.1;100;76
C4_327;30_04_2026;10:30;8;C4;19;15.1;18.1;100;76
C4_330;30_04_2026;11:15;5;C4;24;15.1;18.1;100;76
C4_331;30_04_2026;11:30;no_ID;C4;26;15.1;18.1;100;76
C4_331;30_04_2026;11:30;7;C4;26;15.1;18.1;100;76
C4_331;30_04_2026;11:30;8;C4;26;15.1;18.1;100;76
C4_332;30_04_2026;11:45;no_ID;C4;27;15.1;18.1;100;76
C4_333;30_04_2026;12:00;3;C4;27;15.1;18.1;100;76
C4_333;30_04_2026;12:00;7;C4;27;15.1;18.1;100;76
C4_334;30_04_2026;12:15;4;C4;25;15.1;18.1;100;76
C4_334;30_04_2026;12:15;5;C4;25;15.1;18.1;100;76
C4_335;30_04_2026;12:30;1;C4;23;15.1;18.1;100;76
C4_335;30_04_2026;12:30;2;C4;23;15.1;18.1;100;76
C4_335;30_04_2026;12:30;4;C4;23;15.1;18.1;100;76
C4_335;30_04_2026;12:30;5;C4;23;15.1;18.1;100;76
C4_335;30_04_2026;12:30;6;C4;23;15.1;18.1;100;76
C4_335;30_04_2026;12:30;7;C4;23;15.1;18.1;100;76
C4_335;30_04_2026;12:30;8;C4;23;15.1;18.1;100;76
C4_336;30_04_2026;12:45;2;C4;22;15.1;18.1;100;76
C4_336;30_04_2026;12:45;3;C4;22;15.1;18.1;100;76
C4_336;30_04_2026;12:45;4;C4;22;15.1;18.1;100;76
C4_336;30_04_2026;12:45;5;C4;22;15.1;18.1;100;76
C4_336;30_04_2026;12:45;6;C4;22;15.1;18.1;100;76
C4_336;30_04_2026;12:45;7;C4;22;15.1;18.1;100;76
C4_337;30_04_2026;13:00;2;C4;20;15.1;18.1;100;76
C4_337;30_04_2026;13:00;3;C4;20;15.1;18.1;100;76
C4_337;30_04_2026;13:00;4;C4;20;15.1;18.1;100;76
C4_337;30_04_2026;13:00;5;C4;20;15.1;18.1;100;76
C4_337;30_04_2026;13:00;6;C4;20;15.1;18.1;100;76
C4_337;30_04_2026;13:00;8;C4;20;15.1;18.1;100;76
C4_338;30_04_2026;13:15;2;C4;20;15.1;18.1;100;76
C4_338;30_04_2026;13:15;3;C4;20;15.1;18.1;100;76
C4_338;30_04_2026;13:15;4;C4;20;15.1;18.1;100;76
C4_338;30_04_2026;13:15;5;C4;20;15.1;18.1;100;76
C4_338;30_04_2026;13:15;6;C4;20;15.1;18.1;100;76
C4_338;30_04_2026;13:15;7;C4;20;15.1;18.1;100;76
C4_338;30_04_2026;13:15;8;C4;20;15.1;18.1;100;76
C4_339;30_04_2026;13:30;2;C4;20;15.1;18.1;100;76
C4_339;30_04_2026;13:30;3;C4;20;15.1;18.1;100;76
C4_339;30_04_2026;13:30;5;C4;20;15.1;18.1;100;76
C4_339;30_04_2026;13:30;6;C4;20;15.1;18.1;100;76
C4_339;30_04_2026;13:30;7;C4;20;15.1;18.1;100;76
C4_339;30_04_2026;13:30;8;C4;20;15.1;18.1;100;76
C4_340;30_04_2026;13:45;2;C4;21;15.1;18.1;100;76
C4_340;30_04_2026;13:45;3;C4;21;15.1;18.1;100;76
C4_340;30_04_2026;13:45;4;C4;21;15.1;18.1;100;76
C4_340;30_04_2026;13:45;5;C4;21;15.1;18.1;100;76
C4_340;30_04_2026;13:45;7;C4;21;15.1;18.1;100;76
C4_340;30_04_2026;13:45;no_ID;C4;21;15.1;18.1;100;76
C4_341;30_04_2026;14:00;3;C4;21;15.1;18.1;100;76
C4_341;30_04_2026;14:00;4;C4;21;15.1;18.1;100;76
C4_341;30_04_2026;14:00;5;C4;21;15.1;18.1;100;76
C4_341;30_04_2026;14:00;6;C4;21;15.1;18.1;100;76
C4_341;30_04_2026;14:00;7;C4;21;15.1;18.1;100;76
C4_342;30_04_2026;14:15;4;C4;20;15.1;18.1;100;76
C4_342;30_04_2026;14:15;7;C4;20;15.1;18.1;100;76
C4_343;30_04_2026;14:30;4;C4;19;15.1;18.1;100;76
C4_343;30_04_2026;14:30;6;C4;19;15.1;18.1;100;76
C4_343;30_04_2026;14:30;7;C4;19;15.1;18.1;100;76
C4_344;30_04_2026;14:45;4;C4;19;15.1;18.1;100;76
C4_344;30_04_2026;14:45;7;C4;19;15.1;18.1;100;76
C4_348;30_04_2026;15:45;3;C4;19;15.1;18.1;100;76
C4_359;01_05_2026;07:30;3;C4;8;11.8;15;65;46
C4_361;01_05_2026;08:00;no_ID;C4;9;11.8;15;65;46
C4_362;01_05_2026;08:15;no_ID;C4;9;11.8;15;65;46
C4_365;01_05_2026;09:00;3;C4;10;11.8;15;65;46
C4_365;01_05_2026;09:00;6;C4;10;11.8;15;65;46
C4_366;01_05_2026;09:15;no_ID;C4;11;11.8;15;65;46
C4_366;01_05_2026;09:15;3;C4;11;11.8;15;65;46
C4_367;01_05_2026;09:30;3;C4;11;11.8;15;65;46
C4_368;01_05_2026;09:45;3;C4;12;11.8;15;65;46
C4_369;01_05_2026;10:00;5;C4;13;11.8;15;65;46
C4_369;01_05_2026;10:00;6;C4;13;11.8;15;65;46
C4_369;01_05_2026;10:00;7;C4;13;11.8;15;65;46
C4_370;01_05_2026;10:15;1;C4;14;11.8;15;65;46
C4_370;01_05_2026;10:15;3;C4;14;11.8;15;65;46
C4_370;01_05_2026;10:15;5;C4;14;11.8;15;65;46
C4_370;01_05_2026;10:15;7;C4;14;11.8;15;65;46
C4_370;01_05_2026;10:15;8;C4;14;11.8;15;65;46
C4_371;01_05_2026;10:30;1;C4;16;11.8;15;65;46
C4_371;01_05_2026;10:30;3;C4;16;11.8;15;65;46
C4_371;01_05_2026;10:30;4;C4;16;11.8;15;65;46
C4_371;01_05_2026;10:30;5;C4;16;11.8;15;65;46
C4_371;01_05_2026;10:30;7;C4;16;11.8;15;65;46
C4_371;01_05_2026;10:30;8;C4;16;11.8;15;65;46
C4_372;01_05_2026;10:45;1;C4;17;11.8;15;65;46
C4_372;01_05_2026;10:45;2;C4;17;11.8;15;65;46
C4_372;01_05_2026;10:45;3;C4;17;11.8;15;65;46
C4_372;01_05_2026;10:45;4;C4;17;11.8;15;65;46
C4_372;01_05_2026;10:45;5;C4;17;11.8;15;65;46
C4_372;01_05_2026;10:45;7;C4;17;11.8;15;65;46
C4_372;01_05_2026;10:45;8;C4;17;11.8;15;65;46
C4_373;01_05_2026;11:00;2;C4;18;11.8;15;65;46
C4_373;01_05_2026;11:00;3;C4;18;11.8;15;65;46
C4_373;01_05_2026;11:00;4;C4;18;11.8;15;65;46
C4_373;01_05_2026;11:00;7;C4;18;11.8;15;65;46
C4_373;01_05_2026;11:00;8;C4;18;11.8;15;65;46
C4_374;01_05_2026;11:15;1;C4;20;11.8;15;65;46
C4_374;01_05_2026;11:15;2;C4;20;11.8;15;65;46
C4_374;01_05_2026;11:15;3;C4;20;11.8;15;65;46
C4_374;01_05_2026;11:15;7;C4;20;11.8;15;65;46
C4_375;01_05_2026;11:30;3;C4;21;11.8;15;65;46
C4_375;01_05_2026;11:30;5;C4;21;11.8;15;65;46
C4_376;01_05_2026;11:45;4;C4;23;11.8;15;65;46
C4_377;01_05_2026;12:00;no_ID;C4;25;11.8;15;65;46
C4_378;01_05_2026;12:15;no_ID;C4;26;11.8;15;65;46
C4_381;01_05_2026;13:00;7;C4;30;11.8;15;65;46
C4_384;01_05_2026;13:45;4;C4;31;11.8;15;65;46
C4_385;01_05_2026;14:00;7;C4;31;11.8;15;65;46
C4_386;01_05_2026;14:15;no_ID;C4;32;11.8;15;65;46
C4_386;01_05_2026;14:15;no_ID;C4;32;11.8;15;65;46
C4_386;01_05_2026;14:15;8;C4;32;11.8;15;65;46
C4_388;01_05_2026;14:45;no_ID;C4;32;11.8;15;65;46
C4_388;01_05_2026;14:45;no_ID;C4;32;11.8;15;65;46
C4_389;01_05_2026;15:00;no_ID;C4;32;11.8;15;65;46
C4_389;01_05_2026;15:00;no_ID;C4;32;11.8;15;65;46
C4_389;01_05_2026;15:00;no_ID;C4;32;11.8;15;65;46
C4_390;01_05_2026;15:15;2;C4;32;11.8;15;65;46
C4_390;01_05_2026;15:15;4;C4;32;11.8;15;65;46
C4_390;01_05_2026;15:15;6;C4;32;11.8;15;65;46
C4_391;01_05_2026;15:30;2;C4;28;11.8;15;65;46
C4_392;01_05_2026;15:45;2;C4;24;11.8;15;65;46
C4_413;02_05_2026;10:00;2;C4;12;11.6;16.3;70;48
C4_413;02_05_2026;10:00;8;C4;12;11.6;16.3;70;48
C4_414;02_05_2026;10:15;no_ID;C4;13;11.6;16.3;70;48
C4_414;02_05_2026;10:15;8;C4;13;11.6;16.3;70;48
C4_416;02_05_2026;10:45;2;C4;18;11.6;16.3;70;48
C4_416;02_05_2026;10:45;4;C4;18;11.6;16.3;70;48
C4_416;02_05_2026;10:45;8;C4;18;11.6;16.3;70;48
C4_417;02_05_2026;11:00;4;C4;19;11.6;16.3;70;48
C4_417;02_05_2026;11:00;8;C4;19;11.6;16.3;70;48
C4_418;02_05_2026;11:15;no_ID;C4;19;11.6;16.3;70;48
C4_418;02_05_2026;11:15;2;C4;19;11.6;16.3;70;48
C4_418;02_05_2026;11:15;4;C4;19;11.6;16.3;70;48
C4_418;02_05_2026;11:15;8;C4;19;11.6;16.3;70;48
C4_419;02_05_2026;11:30;3;C4;20;11.6;16.3;70;48
C4_419;02_05_2026;11:30;4;C4;20;11.6;16.3;70;48
C4_419;02_05_2026;11:30;8;C4;20;11.6;16.3;70;48
C4_420;02_05_2026;11:45;3;C4;22;11.6;16.3;70;48
C4_420;02_05_2026;11:45;4;C4;22;11.6;16.3;70;48
C4_420;02_05_2026;11:45;8;C4;22;11.6;16.3;70;48
C4_421;02_05_2026;12:00;8;C4;22;11.6;16.3;70;48
C4_422;02_05_2026;12:15;no_ID;C4;23;11.6;16.3;70;48
C4_422;02_05_2026;12:15;8;C4;23;11.6;16.3;70;48
C4_424;02_05_2026;12:45;no_ID;C4;22;11.6;16.3;70;48
C4_424;02_05_2026;12:45;no_ID;C4;22;11.6;16.3;70;48
C4_424;02_05_2026;12:45;3;C4;22;11.6;16.3;70;48
C4_425;02_05_2026;13:00;no_ID;C4;22;11.6;16.3;70;48
C4_425;02_05_2026;13:00;3;C4;22;11.6;16.3;70;48
C4_425;02_05_2026;13:00;4;C4;22;11.6;16.3;70;48
C4_425;02_05_2026;13:00;7;C4;22;11.6;16.3;70;48
C4_426;02_05_2026;13:15;no_ID;C4;24;11.6;16.3;70;48
C4_426;02_05_2026;13:15;no_ID;C4;24;11.6;16.3;70;48
C4_426;02_05_2026;13:15;1;C4;24;11.6;16.3;70;48
C4_426;02_05_2026;13:15;3;C4;24;11.6;16.3;70;48
C4_426;02_05_2026;13:15;4;C4;24;11.6;16.3;70;48
C4_426;02_05_2026;13:15;6;C4;24;11.6;16.3;70;48
C4_426;02_05_2026;13:15;8;C4;24;11.6;16.3;70;48
C4_427;02_05_2026;13:30;no_ID;C4;26;11.6;16.3;70;48
C4_427;02_05_2026;13:30;1;C4;26;11.6;16.3;70;48
C4_427;02_05_2026;13:30;2;C4;26;11.6;16.3;70;48
C4_428;02_05_2026;13:45;no_ID;C4;26;11.6;16.3;70;48
C4_428;02_05_2026;13:45;no_ID;C4;26;11.6;16.3;70;48
C4_428;02_05_2026;13:45;no_ID;C4;26;11.6;16.3;70;48
C4_428;02_05_2026;13:45;4;C4;26;11.6;16.3;70;48
C4_428;02_05_2026;13:45;6;C4;26;11.6;16.3;70;48
C4_429;02_05_2026;14:00;2;C4;26;11.6;16.3;70;48
C4_429;02_05_2026;14:00;3;C4;26;11.6;16.3;70;48
C4_429;02_05_2026;14:00;6;C4;26;11.6;16.3;70;48
C4_430;02_05_2026;14:15;1;C4;27;11.6;16.3;70;48
C4_430;02_05_2026;14:15;2;C4;27;11.6;16.3;70;48
C4_430;02_05_2026;14:15;3;C4;27;11.6;16.3;70;48
C4_430;02_05_2026;14:15;6;C4;27;11.6;16.3;70;48
C4_431;02_05_2026;14:30;no_ID;C4;29;11.6;16.3;70;48
C4_431;02_05_2026;14:30;2;C4;29;11.6;16.3;70;48
C4_431;02_05_2026;14:30;3;C4;29;11.6;16.3;70;48
C4_431;02_05_2026;14:30;4;C4;29;11.6;16.3;70;48
C4_432;02_05_2026;14:45;no_ID;C4;29;11.6;16.3;70;48
C4_432;02_05_2026;14:45;2;C4;29;11.6;16.3;70;48
C4_432;02_05_2026;14:45;4;C4;29;11.6;16.3;70;48
C4_433;02_05_2026;15:00;no_ID;C4;29;11.6;16.3;70;48
C4_433;02_05_2026;15:00;2;C4;29;11.6;16.3;70;48
C4_433;02_05_2026;15:00;3;C4;29;11.6;16.3;70;48
C4_433;02_05_2026;15:00;4;C4;29;11.6;16.3;70;48
C4_434;02_05_2026;15:15;no_ID;C4;29;11.6;16.3;70;48
C4_434;02_05_2026;15:15;2;C4;29;11.6;16.3;70;48
C4_435;02_05_2026;15:30;4;C4;25;11.6;16.3;70;48
C4_446;03_05_2026;07:30;2;C4;6;12;18.4;80;53
C4_448;03_05_2026;08:00;2;C4;7;12;18.4;80;53
C4_449;03_05_2026;08:15;2;C4;7;12;18.4;80;53
C4_450;03_05_2026;08:30;2;C4;8;12;18.4;80;53
C4_451;03_05_2026;08:45;2;C4;9;12;18.4;80;53
C4_452;03_05_2026;09:00;2;C4;9;12;18.4;80;53
C4_453;03_05_2026;09:15;2;C4;10;12;18.4;80;53
C4_454;03_05_2026;09:30;2;C4;11;12;18.4;80;53
C4_455;03_05_2026;09:45;2;C4;11;12;18.4;80;53
C4_456;03_05_2026;10:00;2;C4;12;12;18.4;80;53
C4_458;03_05_2026;10:30;no_ID;C4;13;12;18.4;80;53
C4_459;03_05_2026;10:45;2;C4;14;12;18.4;80;53
C4_460;03_05_2026;11:00;2;C4;14;12;18.4;80;53
C4_461;03_05_2026;11:15;2;C4;15;12;18.4;80;53
C4_462;03_05_2026;11:30;2;C4;15;12;18.4;80;53
C4_463;03_05_2026;11:45;no_ID;C4;17;12;18.4;80;53
C4_463;03_05_2026;11:45;7;C4;17;12;18.4;80;53
C4_463;03_05_2026;11:45;2;C4;17;12;18.4;80;53
C4_464;03_05_2026;12:00;no_ID;C4;19;12;18.4;80;53
C4_464;03_05_2026;12:00;2;C4;19;12;18.4;80;53
C4_465;03_05_2026;12:15;no_ID;C4;20;12;18.4;80;53
C4_465;03_05_2026;12:15;2;C4;20;12;18.4;80;53
C4_465;03_05_2026;12:15;4;C4;20;12;18.4;80;53
C4_465;03_05_2026;12:15;7;C4;20;12;18.4;80;53
C4_466;03_05_2026;12:30;1;C4;23;12;18.4;80;53
C4_466;03_05_2026;12:30;4;C4;23;12;18.4;80;53
C4_466;03_05_2026;12:30;6;C4;23;12;18.4;80;53
C4_466;03_05_2026;12:30;7;C4;23;12;18.4;80;53
C4_466;03_05_2026;12:30;8;C4;23;12;18.4;80;53
C4_467;03_05_2026;12:45;no_ID;C4;26;12;18.4;80;53
C4_467;03_05_2026;12:45;1;C4;26;12;18.4;80;53
C4_467;03_05_2026;12:45;4;C4;26;12;18.4;80;53
C4_467;03_05_2026;12:45;7;C4;26;12;18.4;80;53
C4_468;03_05_2026;13:00;no_ID;C4;28;12;18.4;80;53
C4_468;03_05_2026;13:00;no_ID;C4;28;12;18.4;80;53
C4_468;03_05_2026;13:00;7;C4;28;12;18.4;80;53
C4_469;03_05_2026;13:15;1;C4;31;12;18.4;80;53
C4_469;03_05_2026;13:15;3;C4;31;12;18.4;80;53
C4_469;03_05_2026;13:15;no_ID;C4;31;12;18.4;80;53
C4_471;03_05_2026;01:45;no_ID;C4;33;12;18.4;80;53
C4_471;03_05_2026;01:45;3;C4;33;12;18.4;80;53
C4_474;03_05_2026;14:30;4;C4;35;12;18.4;80;53
C4_474;03_05_2026;14:30;8;C4;35;12;18.4;80;53
C4_474;03_05_2026;14:30;no_ID;C4;35;12;18.4;80;53
C4_475;03_05_2026;14:45;1;C4;34;12;18.4;80;53
C4_475;03_05_2026;14:45;4;C4;34;12;18.4;80;53
C4_475;03_05_2026;14:45;8;C4;34;12;18.4;80;53
C4_476;03_05_2026;15:00;4;C4;35;12;18.4;80;53
C4_476;03_05_2026;15:00;6;C4;35;12;18.4;80;53
C4_476;03_05_2026;15:00;7;C4;35;12;18.4;80;53
C4_476;03_05_2026;15:00;8;C4;35;12;18.4;80;53
C4_477;03_05_2026;15:15;no_ID;C4;35;12;18.4;80;53
C4_478;03_05_2026;15:30;2;C4;31;12;18.4;80;53
C4_497;04_05_2026;09:30;5;C4;11;13.3;21.1;81;47
C4_497;04_05_2026;09:30;6;C4;11;13.3;21.1;81;47
C4_498;04_05_2026;09:45;6;C4;12;13.3;21.1;81;47
C4_499;04_05_2026;10:00;6;C4;14;13.3;21.1;81;47
C4_500;04_05_2026;10:15;6;C4;15;13.3;21.1;81;47
C4_500;04_05_2026;10:15;8;C4;15;13.3;21.1;81;47
C4_501;04_05_2026;10:30;5;C4;17;13.3;21.1;81;47
C4_501;04_05_2026;10:30;8;C4;17;13.3;21.1;81;47
C4_502;04_05_2026;10:45;6;C4;19;13.3;21.1;81;47
C4_503;04_05_2026;11:00;1;C4;22;13.3;21.1;81;47
C4_504;04_05_2026;11:15;8;C4;24;13.3;21.1;81;47
C4_506;04_05_2026;11:45;1;C4;28;13.3;21.1;81;47
C4_506;04_05_2026;11:45;4;C4;28;13.3;21.1;81;47
C4_509;04_05_2026;12:30;8;C4;33;13.3;21.1;81;47
C4_510;04_05_2026;12:45;7;C4;34;13.3;21.1;81;47
C4_511;04_05_2026;13:00;2;C4;35;13.3;21.1;81;47
C4_512;04_05_2026;13:15;2;C4;36;13.3;21.1;81;47
C4_513;04_05_2026;13:30;2;C4;37;13.3;21.1;81;47
C4_513;04_05_2026;13:30;8;C4;37;13.3;21.1;81;47
C4_514;04_05_2026;13:45;no_ID;C4;38;13.3;21.1;81;47
C4_514;04_05_2026;13:45;1;C4;38;13.3;21.1;81;47
C4_514;04_05_2026;13:45;2;C4;38;13.3;21.1;81;47
C4_514;04_05_2026;13:45;8;C4;38;13.3;21.1;81;47
C4_518;04_05_2026;14:45;2;C4;39;13.3;21.1;81;47
C4_518;04_05_2026;14:45;4;C4;39;13.3;21.1;81;47
C4_519;04_05_2026;15:00;2;C4;39;13.3;21.1;81;47
C4_519;04_05_2026;15:00;4;C4;39;13.3;21.1;81;47
C4_519;04_05_2026;15:00;6;C4;39;13.3;21.1;81;47
C4_520;04_05_2026;15:15;7;C4;37;13.3;21.1;81;47
C9_38;16_04_2026;14:45;1;C9;39;20.3;27.4;"74	";44
C9_69;17_04_2026;11:30;7;C9;26;19.6;21;74;71
C9_113;18_04_2026;11:30;8;C9;26;14.9;19.5;74;45
C9_115;18_04_2026;12:00;3;C9;28;14.9;19.5;74;45
C9_115;18_04_2026;12:00;4;C9;28;14.9;19.5;74;45
C9_118;18_04_2026;12:45;4;C9;30;14.9;19.5;74;45
C9_158;19_04_2026;11:45;7;C9;28;16.2;21.2;63;51
C9_159;19_04_2026;12:00;1;C9;29;16.2;21.2;63;51
C9_160;19_04_2026;12:15;5;C9;31;16.2;21.2;63;51
C9_161;19_04_2026;12:30;7;C9;30;16.2;21.2;63;51
C9_162;19_04_2026;12:45;2;C9;30;16.2;21.2;63;51
C9_162;19_04_2026;12:45;8;C9;30;16.2;21.2;63;51
C9_163;19_04_2026;13:00;8;C9;31;16.2;21.2;63;51
C9_164;19_04_2026;13:15;6;C9;32;16.2;21.2;63;51
C9_167;19_04_2026;14:00;1;C9;31;16.2;21.2;63;51
C9_169;19_04_2026;14:30;1;C9;33;16.2;21.2;63;51
C9_170;19_04_2026;14:45;1;C9;33;16.2;21.2;63;51
C9_194;20_04_2026;09:45;7;C9;18;17.4;20.4;60;62
C9_195;20_04_2026;10:00;1;C9;19;17.4;20.4;60;62
C9_195;20_04_2026;10:00;7;C9;19;17.4;20.4;60;62
C9_196;20_04_2026;10:15;1;C9;20;17.4;20.4;60;62
C9_196;20_04_2026;10:15;7;C9;20;17.4;20.4;60;62
C9_197;20_04_2026;10:30;1;C9;21;17.4;20.4;60;62
C9_197;20_04_2026;10:30;7;C9;21;17.4;20.4;60;62
C9_198;20_04_2026;10:45;1;C9;24;17.4;20.4;60;62
C9_202;20_04_2026;11:45;8;C9;32;17.4;20.4;60;62
C9_203;20_04_2026;12:00;4;C9;33;17.4;20.4;60;62
C9_206;20_04_2026;12:45;4;C9;35;17.4;20.4;60;62
C9_212;20_04_2026;14:15;4;C9;30;17.4;20.4;60;62
C9_239;21_04_2026;10:15;4;C9;15;13.9;16.8;69;52
C9_240;21_04_2026;10:30;2;C9;16;13.9;16.8;69;52
C9_240;21_04_2026;10:30;4;C9;16;13.9;16.8;69;52
C9_241;21_04_2026;10:45;2;C9;19;13.9;16.8;69;52
C9_241;21_04_2026;10:45;4;C9;19;13.9;16.8;69;52
C9_242;21_04_2026;11:00;4;C9;21;13.9;16.8;69;52
C9_243;21_04_2026;11:15;1;C9;20;13.9;16.8;69;52
C9_247;21_04_2026;12:15;3;C9;23;13.9;16.8;69;52
C9_247;21_04_2026;12:15;5;C9;23;13.9;16.8;69;52
C9_251;21_04_2026;13:15;4;C9;29;13.9;16.8;69;52
C9_254;21_04_2026;14:00;8;C9;29;13.9;16.8;69;52
C9_258;21_04_2026;15:00;4;C9;30;13.9;16.8;69;52
C9_258;21_04_2026;15:00;7;C9;30;13.9;16.8;69;52
C9_279;22_04_2026;09:15;4;C9;13;14.2;21.8;56;34
C9_280;22_04_2026;09:30;6;C9;14;14.2;21.8;56;34
C9_295;22_04_2026;13:15;4;C9;35;14.2;21.8;56;34
C9_297;22_04_2026;13:45;5;C9;36;14.2;21.8;56;34
C9_331;23_04_2026;11:15;2;C9;18;14.1;19.7;100;54
C9_335;23_04_2026;12:15;1;C9;21;14.1;19.7;100;54
C9_336;23_04_2026;12:30;1;C9;22;14.1;19.7;100;54
C9_340;23_04_2026;13:30;6;C9;28;14.1;19.7;100;54
C9_340;23_04_2026;13:30;8;C9;28;14.1;19.7;100;54
C9_344;23_04_2026;14:30;6;C9;30;14.1;19.7;100;54
C9_376;24_04_2026;11:30;4;C9;25;13.4;18.5;100;63
C9_377;24_04_2026;11:45;4;C9;25;13.4;18.5;100;63
C9_378;24_04_2026;12:00;4;C9;22;13.4;18.5;100;63
C9_379;24_04_2026;12:15;4;C9;21;13.4;18.5;100;63
C9_425;25_04_2026;12:45;4;C9;26;16.7;20.3;69;50
C9_455;26_04_2026;09:15;4;C9;15;16.5;23.9;67;36
C9_506;27_04_2026;11:15;4;C9;15;16.5;15;92;100
C9_507;27_04_2026;11:30;4;C9;16;16.5;15;92;100
C9_508;27_04_2026;11:45;4;C9;16;16.5;15;92;100
C9_590;29_04_2026;11:00;4;C9;25;18;20;95;79
C9_594;29_04_2026;12:00;1;C9;25;18;20;95;79
C9_603;29_04_2026;14:15;8;C9;23;18;20;95;79
C9_636;30_04_2026;11:30;8;C9;29;15.1;18.1;100;76
C9_680;01_05_2026;11:30;5;C9;25;11.8;15;65;46
C9_683;01_05_2026;12:15;4;C9;28;11.8;15;65;46
C9_688;01_05_2026;13:30;4;C9;32;11.8;15;65;46
C9_692;01_05_2026;14:30;6;C9;34;11.8;15;65;46
C9_693;01_05_2026;14:45;6;C9;33;11.8;15;65;46
C9_694;01_05_2026;15:00;no_ID;C9;31;11.8;15;65;46
C9_694;01_05_2026;15:00;no_ID;C9;31;11.8;15;65;46
C9_726;02_05_2026;12:00;8;C9;24;11.6;16.3;70;48
C9_731;02_05_2026;13:15;6;C9;26;11.6;16.3;70;48
C9_732;02_05_2026;13:30;6;C9;27;11.6;16.3;70;48
C9_733;02_05_2026;13:45;6;C9;26;11.6;16.3;70;48
C9_734;02_05_2026;14:00;6;C9;26;11.6;16.3;70;48
C9_767;03_05_2026;11:30;4;C9;16;12;18.4;80;53
C9_768;03_05_2026;11:45;4;C9;17;12;18.4;80;53
C9_768;03_05_2026;11:45;6;C9;17;12;18.4;80;53
C9_769;03_05_2026;12:00;4;C9;20;12;18.4;80;53
C9_769;03_05_2026;12:00;6;C9;20;12;18.4;80;53
C9_773;03_05_2026;13:00;4;C9;27;12;18.4;80;53
C9_773;03_05_2026;13:00;8;C9;27;12;18.4;80;53
C9_774;03_05_2026;13:15;4;C9;29;12;18.4;80;53
C9_774;03_05_2026;13:15;8;C9;29;12;18.4;80;53
C9_775;03_05_2026;13:30;4;C9;32;12;18.4;80;53
C9_775;03_05_2026;13:30;8;C9;32;12;18.4;80;53
C9_776;03_05_2026;13:45;7;C9;32;12;18.4;80;53
C9_777;03_05_2026;14:00;8;C9;31;12;18.4;80;53
C9_778;03_05_2026;14:15;2;C9;32;12;18.4;80;53
C9_779;03_05_2026;14:30;2;C9;33;12;18.4;80;53
C9_812;04_05_2026;12:00;4;C9;31;13.3;21.1;81;47
C9_816;04_05_2026;13:00;8;C9;35;13.3;21.1;81;47
C9_817;04_05_2026;13:15;1;C9;36;13.3;21.1;81;47
C9_820;04_05_2026;14:00;8;C9;38;13.3;21.1;81;47
C9_822;04_05_2026;14:30;4;C9;38;13.3;21.1;81;47
C9_823;04_05_2026;14:45;4;C9;39;13.3;21.1;81;47
C9_824;04_05_2026;15:00;4;C9;36;13.3;21.1;81;47
C12_26;23_04_2026;11:15;6;C12;19;14.1;19.7;100;54
C12_27;23_04_2026;11:30;6;C12;19;14.1;19.7;100;54
C12_28;23_04_2026;11:45;6;C12;20;14.1;19.7;100;54
C12_29;23_04_2026;12:00;no_ID;C12;21;14.1;19.7;100;54
C12_31;23_04_2026;12:30;no_ID;C12;23;14.1;19.7;100;54
C12_31;23_04_2026;12:30;no_ID;C12;23;14.1;19.7;100;54
C12_32;23_04_2026;12:45;2;C12;24;14.1;19.7;100;54
C12_32;23_04_2026;12:45;3;C12;24;14.1;19.7;100;54
C12_33;23_04_2026;13:00;3;C12;25;14.1;19.7;100;54
C12_34;23_04_2026;13:15;1;C12;26;14.1;19.7;100;54
C12_34;23_04_2026;13:15;3;C12;26;14.1;19.7;100;54
C12_35;23_04_2026;13:30;3;C12;29;14.1;19.7;100;54
C12_36;23_04_2026;13:45;3;C12;30;14.1;19.7;100;54
C12_37;23_04_2026;14:00;1;C12;32;14.1;19.7;100;54
C12_37;23_04_2026;14:00;4;C12;32;14.1;19.7;100;54
C12_37;23_04_2026;14:00;7;C12;32;14.1;19.7;100;54
C12_38;23_04_2026;14:15;1;C12;31;14.1;19.7;100;54
C12_39;23_04_2026;14:30;3;C12;29;14.1;19.7;100;54
C12_41;23_04_2026;15:00;8;C12;27;14.1;19.7;100;54
C12_67;24_04_2026;10:30;7;C12;20;13.4;18.5;100;63
C12_69;24_04_2026;11:00;no_ID;C12;22;13.4;18.5;100;63
C12_69;24_04_2026;11:00;3;C12;22;13.4;18.5;100;63
C12_70;24_04_2026;11:15;3;C12;27;13.4;18.5;100;63
C12_70;24_04_2026;11:15;7;C12;27;13.4;18.5;100;63
C12_71;24_04_2026;11:30;3;C12;29;13.4;18.5;100;63
C12_71;24_04_2026;11:30;7;C12;29;13.4;18.5;100;63
C12_72;24_04_2026;11:45;5;C12;28;13.4;18.5;100;63
C12_81;24_04_2026;14:00;8;C12;26;13.4;18.5;100;63
C12_88;24_04_2026;15:45;2;C12;20;13.4;18.5;100;63
C12_113;25_04_2026;11:00;3;C12;28;16.7;20.3;69;50
C12_113;25_04_2026;11:00;7;C12;28;16.7;20.3;69;50
C12_114;25_04_2026;11:15;2;C12;29;16.7;20.3;69;50
C12_114;25_04_2026;11:15;3;C12;29;16.7;20.3;69;50
C12_114;25_04_2026;11:15;7;C12;29;16.7;20.3;69;50
C12_115;25_04_2026;11:30;no_ID;C12;30;16.7;20.3;69;50
C12_121;25_04_2026;13:00;4;C12;29;16.7;20.3;69;50
C12_122;25_04_2026;13:15;5;C12;29;16.7;20.3;69;50
C12_124;25_04_2026;13:45;no_ID;C12;35;16.7;20.3;69;50
C12_125;25_04_2026;14:00;no_ID;C12;36;16.7;20.3;69;50
C12_125;25_04_2026;14:00;4;C12;36;16.7;20.3;69;50
C12_126;25_04_2026;14:15;no_ID;C12;37;16.7;20.3;69;50
C12_128;25_04_2026;14:45;1;C12;36;16.7;20.3;69;50
C12_135;25_04_2026;16:30;2;C12;20;16.7;20.3;69;50
C12_153;26_04_2026;10:00;no_ID;C12;34;16.5;23.9;67;36
C12_154;26_04_2026;10:15;no_ID;C12;35;16.5;23.9;67;36
C12_158;26_04_2026;11:15;8;C12;37;16.5;23.9;67;36
C12_161;26_04_2026;12:00;8;C12;38;16.5;23.9;67;36
C12_162;26_04_2026;12:15;8;C12;38;16.5;23.9;67;36
C12_165;26_04_2026;13:00;7;C12;37;16.5;23.9;67;36
C12_166;26_04_2026;13:15;7;C12;37;16.5;23.9;67;36
C12_167;26_04_2026;13:30;1;C12;37;16.5;23.9;67;36
C12_169;26_04_2026;14:00;1;C12;36;16.5;23.9;67;36
C12_270;29_04_2026;07:00;2;C12;14;18;20;95;79
C12_271;29_04_2026;07:15;2;C12;14;18;20;95;79
C12_272;29_04_2026;07:30;2;C12;14;18;20;95;79
C12_273;29_04_2026;07:45;2;C12;14;18;20;95;79
C12_274;29_04_2026;08:00;2;C12;15;18;20;95;79
C12_275;29_04_2026;08:15;2;C12;15;18;20;95;79
C12_276;29_04_2026;08:30;2;C12;15;18;20;95;79
C12_277;29_04_2026;08:45;2;C12;16;18;20;95;79
C12_278;29_04_2026;09:00;2;C12;17;18;20;95;79
C12_279;29_04_2026;09:15;2;C12;17;18;20;95;79
C12_280;29_04_2026;09:30;2;C12;18;18;20;95;79
C12_280;29_04_2026;09:30;4;C12;18;18;20;95;79
C12_281;29_04_2026;09:45;2;C12;19;18;20;95;79
C12_281;29_04_2026;09:45;4;C12;19;18;20;95;79
C12_282;29_04_2026;10:00;2;C12;20;18;20;95;79
C12_292;29_04_2026;12:30;no_ID;C12;24;18;20;95;79
C12_293;29_04_2026;12:45;1;C12;24;18;20;95;79
C12_294;29_04_2026;13:00;8;C12;23;18;20;95;79
C12_296;29_04_2026;13:30;7;C12;23;18;20;95;79
C12_297;29_04_2026;13:45;no_ID;C12;23;18;20;95;79
C12_304;29_04_2026;15:30;7;C12;22;18;20;95;79
C12_314;30_04_2026;07:00;2;C12;11;15.1;18.1;100;76
C12_315;30_04_2026;07:15;2;C12;11;15.1;18.1;100;76
C12_316;30_04_2026;07:30;2;C12;11;15.1;18.1;100;76
C12_317;30_04_2026;07:45;2;C12;11;15.1;18.1;100;76
C12_318;30_04_2026;08:00;2;C12;12;15.1;18.1;100;76
C12_319;30_04_2026;08:15;2;C12;13;15.1;18.1;100;76
C12_320;30_04_2026;08:30;2;C12;13;15.1;18.1;100;76
C12_321;30_04_2026;08:45;2;C12;13;15.1;18.1;100;76
C12_322;30_04_2026;09:00;2;C12;14;15.1;18.1;100;76
C12_323;30_04_2026;09:15;2;C12;17;15.1;18.1;100;76
C12_324;30_04_2026;09:30;no_ID;C12;25;15.1;18.1;100;76
C12_325;30_04_2026;09:45;no_ID;C12;30;15.1;18.1;100;76
C12_330;30_04_2026;11:00;no_ID;C12;36;15.1;18.1;100;76
C12_335;30_04_2026;12:15;3;C12;30;15.1;18.1;100;76
C12_335;30_04_2026;12:15;7;C12;30;15.1;18.1;100;76
C12_341;30_04_2026;13:45;8;C12;22;15.1;18.1;100;76
C12_343;30_04_2026;14:15;2;C12;21;15.1;18.1;100;76
C12_344;30_04_2026;14:30;no_ID;C12;21;15.1;18.1;100;76
C12_345;30_04_2026;14:45;no_ID;C12;20;15.1;18.1;100;76
C12_346;30_04_2026;15:00;no_ID;C12;20;15.1;18.1;100;76
C12_347;30_04_2026;15:15;no_ID;C12;21;15.1;18.1;100;76
C12_369;01_05_2026;09:45;2;C12;18;11.8;15;65;46
C12_369;01_05_2026;09:45;4;C12;18;11.8;15;65;46
C12_370;01_05_2026;10:00;2;C12;23;11.8;15;65;46
C12_370;01_05_2026;10:00;4;C12;23;11.8;15;65;46
C12_371;01_05_2026;10:15;2;C12;27;11.8;15;65;46
C12_371;01_05_2026;10:15;4;C12;27;11.8;15;65;46
C12_376;01_05_2026;11:30;8;C12;30;11.8;15;65;46
C12_380;01_05_2026;12:30;no_ID;C12;31;11.8;15;65;46
C12_380;01_05_2026;12:30;3;C12;31;11.8;15;65;46
C12_381;01_05_2026;12:45;1;C12;32;11.8;15;65;46
C12_381;01_05_2026;12:45;7;C12;32;11.8;15;65;46
C12_382;01_05_2026;13:00;4;C12;32;11.8;15;65;46
C12_394;01_05_2026;16:00;2;C12;19;11.8;15;65;46
C12_404;02_05_2026;07:30;3;C12;4;11.6;16.3;70;48
C12_408;02_05_2026;08:30;no_ID;C12;6;11.6;16.3;70;48
C12_409;02_05_2026;08:45;no_ID;C12;7;11.6;16.3;70;48
C12_410;02_05_2026;09:00;no_ID;C12;8;11.6;16.3;70;48
C12_411;02_05_2026;09:15;no_ID;C12;14;11.6;16.3;70;48
C12_411;02_05_2026;09:15;3;C12;14;11.6;16.3;70;48
C12_412;02_05_2026;09:30;no_ID;C12;21;11.6;16.3;70;48
C12_412;02_05_2026;09:30;3;C12;21;11.6;16.3;70;48
C12_412;02_05_2026;09:30;4;C12;21;11.6;16.3;70;48
C12_413;02_05_2026;09:45;3;C12;25;11.6;16.3;70;48
C12_413;02_05_2026;09:45;4;C12;25;11.6;16.3;70;48
C12_414;02_05_2026;10:00;3;C12;28;11.6;16.3;70;48
C12_414;02_05_2026;10:00;4;C12;28;11.6;16.3;70;48
C12_415;02_05_2026;10:15;3;C12;30;11.6;16.3;70;48
C12_416;02_05_2026;10:30;3;C12;30;11.6;16.3;70;48
C12_417;02_05_2026;10:45;3;C12;31;11.6;16.3;70;48
C12_418;02_05_2026;11:00;3;C12;31;11.6;16.3;70;48
C12_421;02_05_2026;11:45;7;C12;29;11.6;16.3;70;48
C12_424;02_05_2026;12:30;8;C12;28;11.6;16.3;70;48
C12_430;02_05_2026;14:00;no_ID;C12;26;11.6;16.3;70;48
C12_430;02_05_2026;14:00;4;C12;26;11.6;16.3;70;48
C12_451;03_05_2026;08:30;3;C12;9;12;18.4;80;53
C12_452;03_05_2026;08:45;3;C12;9;12;18.4;80;53
C12_453;03_05_2026;09:00;3;C12;9;12;18.4;80;53
C12_454;03_05_2026;09:15;3;C12;13;12;18.4;80;53
C12_455;03_05_2026;09:30;3;C12;14;12;18.4;80;53
C12_456;03_05_2026;09:45;3;C12;15;12;18.4;80;53
C12_457;03_05_2026;10:00;3;C12;16;12;18.4;80;53
C12_458;03_05_2026;10:15;3;C12;16;12;18.4;80;53
C12_459;03_05_2026;10:30;2;C12;16;12;18.4;80;53
C12_459;03_05_2026;10:30;3;C12;16;12;18.4;80;53
C12_460;03_05_2026;10:45;3;C12;16;12;18.4;80;53
C12_461;03_05_2026;11:00;3;C12;16;12;18.4;80;53
C12_462;03_05_2026;11:15;3;C12;17;12;18.4;80;53
C12_463;03_05_2026;11:30;3;C12;18;12;18.4;80;53
C12_464;03_05_2026;11:45;3;C12;19;12;18.4;80;53
C12_465;03_05_2026;12:00;3;C12;23;12;18.4;80;53
C12_466;03_05_2026;12:15;3;C12;23;12;18.4;80;53
C12_467;03_05_2026;12:30;3;C12;26;12;18.4;80;53
C12_468;03_05_2026;12:45;3;C12;28;12;18.4;80;53
C12_469;03_05_2026;13:00;3;C12;30;12;18.4;80;53
C12_475;03_05_2026;14:30;3;C12;33;12;18.4;80;53
C12_476;03_05_2026;14:45;3;C12;32;12;18.4;80;53
C12_478;03_05_2026;15:15;3;C12;29;12;18.4;80;53
C12_479;03_05_2026;15:30;3;C12;25;12;18.4;80;53
C12_502;04_05_2026;10:15;no_ID;C12;31;13.3;21.1;81;47
C12_505;04_05_2026;11:00;8;C12;35;13.3;21.1;81;47
C12_507;04_05_2026;11:30;8;C12;35;13.3;21.1;81;47
C12_508;04_05_2026;11:45;1;C12;36;13.3;21.1;81;47
C12_508;04_05_2026;11:45;4;C12;36;13.3;21.1;81;47
C12_511;04_05_2026;12:30;4;C12;37;13.3;21.1;81;47
C12_512;04_05_2026;12:45;4;C12;37;13.3;21.1;81;47
C12_512;04_05_2026;12:45;5;C12;37;13.3;21.1;81;47
C15_31;23_04_2026;12:30;;C15;23;14.1;19.7;100;54
C15_67;24_04_2026;10:15;;C15;21;13.4;18.5;100;63
C15_68;24_04_2026;10:30;;C15;19;13.4;18.5;100;63
C15_69;24_04_2026;10:45;;C15;21;13.4;18.5;100;63
C15_70;24_04_2026;11:00;;C15;22;13.4;18.5;100;63
C15_71;24_04_2026;11:15;;C15;26;13.4;18.5;100;63
C15_72;24_04_2026;11:30;;C15;29;13.4;18.5;100;63
C15_109;25_04_2026;09:30;;C15;15;16.7;20.3;69;50
C15_110;25_04_2026;09:45;;C15;21;16.7;20.3;69;50
C15_111;25_04_2026;10:00;;C15;26;16.7;20.3;69;50
C15_112;25_04_2026;10:15;;C15;32;16.7;20.3;69;50
C15_113;25_04_2026;10:30;;C15;35;16.7;20.3;69;50
C15_114;25_04_2026;10:45;;C15;33;16.7;20.3;69;50
C15_115;25_04_2026;11:00;;C15;30;16.7;20.3;69;50
C15_129;25_04_2026;14:30;;C15;38;16.7;20.3;69;50
C15_130;25_04_2026;14:45;;C15;38;16.7;20.3;69;50
C15_153;26_04_2026;09:15;;C15;12;16.5;23.9;67;36
C15_154;26_04_2026;09:30;;C15;16;16.5;23.9;67;36
C15_155;26_04_2026;09:45;;C15;22;16.5;23.9;67;36
C15_156;26_04_2026;10:00;;C15;29;16.5;23.9;67;36
C15_157;26_04_2026;10:15;;C15;33;16.5;23.9;67;36
C15_158;26_04_2026;10:30;;C15;36;16.5;23.9;67;36
C15_159;26_04_2026;10:45;;C15;38;16.5;23.9;67;36
C15_160;26_04_2026;11:00;;C15;40;16.5;23.9;67;36
C15_161;26_04_2026;11:15;;C15;40;16.5;23.9;67;36
C15_162;26_04_2026;11:30;;C15;40;16.5;23.9;67;36
C15_163;26_04_2026;11:45;;C15;40;16.5;23.9;67;36
C15_168;26_04_2026;13:00;;C15;41;16.5;23.9;67;36
C15_207;27_04_2026;12:00;;C15;15;16.5;15;92;100
C15_208;27_04_2026;12:15;;C15;16;16.5;15;92;100
C15_209;27_04_2026;12:30;;C15;16;16.5;15;92;100
C15_210;27_04_2026;12:45;;C15;16;16.5;15;92;100
C15_211;27_04_2026;13:00;;C15;17;16.5;15;92;100
C15_212;27_04_2026;13:15;;C15;17;16.5;15;92;100
C15_235;28_04_2026;08:30;;C15;13;15.6;18.2;95;83
C15_236;28_04_2026;08:45;;C15;14;15.6;18.2;95;83
C15_237;28_04_2026;09:00;;C15;14;15.6;18.2;95;83
C15_238;28_04_2026;09:15;;C15;15;15.6;18.2;95;83
C15_239;28_04_2026;09:30;;C15;16;15.6;18.2;95;83
C15_240;28_04_2026;09:45;;C15;16;15.6;18.2;95;83
C15_241;28_04_2026;10:00;;C15;16;15.6;18.2;95;83
C15_242;28_04_2026;10:15;;C15;17;15.6;18.2;95;83
C15_283;29_04_2026;09:45;;C15;19;18;20;95;79
C15_327;30_04_2026;09:30;;C15;16;15.1;18.1;100;76
C15_329;30_04_2026;10:00;;C15;27;15.1;18.1;100;76
C15_330;30_04_2026;10:15;;C15;32;15.1;18.1;100;76
C15_331;30_04_2026;10:30;;C15;35;15.1;18.1;100;76
C15_332;30_04_2026;10:45;;C15;37;15.1;18.1;100;76
C15_333;30_04_2026;11:00;;C15;38;15.1;18.1;100;76
C15_378;01_05_2026;11:30;;C15;33;11.8;15;65;46
C15_379;01_05_2026;11:45;;C15;34;11.8;15;65;46
C15_418;02_05_2026;10:30;;C15;31;11.6;16.3;70;48
C15_428;02_05_2026;13:00;;C15;28;11.6;16.3;70;48
C15_465;03_05_2026;11:15;;C15;17;12;18.4;80;53
C15_474;03_05_2026;13:30;;C15;36;12;18.4;80;53
C15_504;04_05_2026;10:00;;C15;26;13.3;21.1;81;47
C15_505;04_05_2026;10:15;;C15;30;13.3;21.1;81;47
C15_509;04_05_2026;11:15;;C15;38;13.3;21.1;81;47
C15_510;04_05_2026;11:30;;C15;38;13.3;21.1;81;47
C16_31;23_05_2026;12:30;;C16;21;14.1;19.7;100;54
C16_32;23_05_2026;12:45;;C16;21;14.1;19.7;100;54
C16_33;23_05_2026;13:00;;C16;21;14.1;19.7;100;54
C16_34;23_05_2026;13:15;;C16;21;14.1;19.7;100;54
C16_35;23_05_2026;13:30;;C16;23;14.1;19.7;100;54
C16_36;23_05_2026;13:45;;C16;24;14.1;19.7;100;54
C16_37;23_05_2026;14:00;;C16;26;14.1;19.7;100;54
C16_38;23_05_2026;14:15;;C16;26;14.1;19.7;100;54
C16_39;23_05_2026;14:30;;C16;25;14.1;19.7;100;54
C16_72;24_05_2026;11:45;;C16;21;13.4;18.5;100;63
C16_73;24_05_2026;12:00;;C16;19;13.4;18.5;100;63
C16_74;24_05_2026;12:15;;C16;19;13.4;18.5;100;63
C16_75;24_05_2026;12:30;;C16;20;13.4;18.5;100;63
C16_76;24_05_2026;12:45;;C16;20;13.4;18.5;100;63
C16_77;24_05_2026;13:00;;C16;21;13.4;18.5;100;63
C16_78;24_05_2026;13:15;;C16;20;13.4;18.5;100;63
C16_79;24_05_2026;13:30;;C16;22;13.4;18.5;100;63
C16_80;24_05_2026;13:45;;C16;21;13.4;18.5;100;63
C16_81;24_05_2026;14:00;;C16;24;13.4;18.5;100;63
C16_82;24_05_2026;14:15;;C16;24;13.4;18.5;100;63
C16_84;24_05_2026;14:45;;C16;22;13.4;18.5;100;63
C16_85;24_05_2026;15:00;;C16;21;13.4;18.5;100;63
C16_116;25_05_2026;11:45;;C16;23;16.7;20.3;69;50
C16_117;25_05_2026;12:00;;C16;23;16.7;20.3;69;50
C16_118;25_05_2026;12:15;;C16;24;16.7;20.3;69;50
C16_119;25_05_2026;12:30;;C16;23;16.7;20.3;69;50
C16_120;25_05_2026;12:45;;C16;23;16.7;20.3;69;50
C16_121;25_05_2026;13:00;;C16;24;16.7;20.3;69;50
C16_122;25_05_2026;13:15;;C16;24;16.7;20.3;69;50
C16_163;26_05_2026;12:30;;C16;28;16.5;23.9;67;36
C16_168;26_05_2026;13:45;;C16;31;16.5;23.9;67;36
C16_172;26_05_2026;14:45;;C16;29;16.5;23.9;67;36
C16_201;27_05_2026;11:15;;C16;14;16.5;15;92;100
C16_240;28_05_2026;10:30;;C16;17;15.6;18.2;95;83
C16_241;28_05_2026;10:45;;C16;17;15.6;18.2;95;83
C16_242;28_05_2026;11:00;;C16;16;15.6;18.2;95;83
C16_243;28_05_2026;11:15;;C16;16;15.6;18.2;95;83
C16_244;28_05_2026;11:30;;C16;16;15.6;18.2;95;83
C16_245;28_05_2026;11:45;;C16;16;15.6;18.2;95;83
C16_246;28_05_2026;12:00;;C16;17;15.6;18.2;95;83
C16_247;28_05_2026;12:15;;C16;17;15.6;18.2;95;83
C16_258;28_05_2026;15:00;;C16;20;15.6;18.2;95;83
C16_283;29_05_2026;10:15;;C16;20;18;20;95;79
C16_284;29_05_2026;10:30;;C16;22;18;20;95;79
C16_285;29_05_2026;10:45;;C16;24;18;20;95;79
C16_286;29_05_2026;11:00;;C16;24;18;20;95;79
C16_287;29_05_2026;11:15;;C16;24;18;20;95;79
C16_288;29_05_2026;11:30;;C16;24;18;20;95;79
C16_289;29_05_2026;11:45;;C16;25;18;20;95;79
C16_293;29_05_2026;12:45;;C16;23;18;20;95;79
C16_295;29_05_2026;13:15;;C16;23;18;20;95;79
C16_296;29_05_2026;13:30;;C16;22;18;20;95;79
C16_297;29_05_2026;13:45;;C16;22;18;20;95;79
C16_298;29_05_2026;14:00;;C16;23;18;20;95;79
C16_299;29_05_2026;14:15;;C16;23;18;20;95;79
C16_300;29_05_2026;14:30;;C16;22;18;20;95;79
C16_301;29_05_2026;14:45;;C16;22;18;20;95;79
C16_302;29_05_2026;15:00;;C16;21;18;20;95;79
C16_303;29_05_2026;15:15;;C16;21;18;20;95;79
C16_330;30_05_2026;11:00;;C16;25;15.1;18.1;100;76
C16_332;30_05_2026;11:30;;C16;26;15.1;18.1;100;76
C16_335;30_05_2026;12:15;;C16;24;15.1;18.1;100;76
C16_340;30_05_2026;13:30;;C16;19;15.1;18.1;100;76
C16_341;30_05_2026;13:45;;C16;20;15.1;18.1;100;76
C16_342;30_05_2026;14:00;;C16;21;15.1;18.1;100;76
C16_367;01_05_2026;09:15;;C16;10;11.8;15;65;46
C16_368;01_05_2026;09:30;;C16;11;11.8;15;65;46
C16_369;01_05_2026;09:45;;C16;13;11.8;15;65;46
C16_370;01_05_2026;10:00;;C16;15;11.8;15;65;46
C16_371;01_05_2026;10:15;;C16;17;11.8;15;65;46
C16_372;01_05_2026;10:30;;C16;19;11.8;15;65;46
C16_373;01_05_2026;10:45;;C16;19;11.8;15;65;46
C16_374;01_05_2026;11:00;;C16;20;11.8;15;65;46
C16_375;01_05_2026;11:15;;C16;20;11.8;15;65;46
C16_376;01_05_2026;11:30;;C16;20;11.8;15;65;46
C16_377;01_05_2026;11:45;;C16;20;11.8;15;65;46
C16_378;01_05_2026;12:00;;C16;20;11.8;15;65;46
C16_379;01_05_2026;12:15;;C16;20;11.8;15;65;46
C16_380;01_05_2026;12:30;;C16;20;11.8;15;65;46
C16_381;01_05_2026;12:45;;C16;21;11.8;15;65;46
C16_382;01_05_2026;13:00;;C16;21;11.8;15;65;46
C16_383;01_05_2026;13:15;;C16;21;11.8;15;65;46
C16_384;01_05_2026;13:30;;C16;22;11.8;15;65;46
C16_385;01_05_2026;13:45;;C16;22;11.8;15;65;46
C16_386;01_05_2026;14:00;;C16;23;11.8;15;65;46
C16_387;01_05_2026;14:15;;C16;24;11.8;15;65;46
C16_388;01_05_2026;14:30;;C16;25;11.8;15;65;46
C16_389;01_05_2026;14:45;;C16;25;11.8;15;65;46
C16_390;01_05_2026;15:00;;C16;25;11.8;15;65;46
C16_419;02_05_2026;11:15;;C16;20;11.6;16.3;70;48
C16_420;02_05_2026;11:30;;C16;20;11.6;16.3;70;48
C16_421;02_05_2026;11:45;;C16;21;11.6;16.3;70;48
C16_422;02_05_2026;12:00;;C16;20;11.6;16.3;70;48
C16_423;02_05_2026;12:15;;C16;20;11.6;16.3;70;48
C16_424;02_05_2026;12:30;;C16;20;11.6;16.3;70;48
C16_426;02_05_2026;13:00;;C16;19;11.6;16.3;70;48
C16_427;02_05_2026;13:15;;C16;20;11.6;16.3;70;48
C16_428;02_05_2026;13:30;;C16;21;11.6;16.3;70;48
C16_429;02_05_2026;13:45;;C16;21;11.6;16.3;70;48
C16_430;02_05_2026;14:00;;C16;21;11.6;16.3;70;48
C16_461;03_05_2026;10:45;;C16;14;12;18.4;80;53
C16_462;03_05_2026;11:00;;C16;15;12;18.4;80;53
C16_465;03_05_2026;11:45;;C16;16;12;18.4;80;53
C16_472;03_05_2026;13:30;;C16;24;12;18.4;80;53
C16_474;03_05_2026;14:00;;C16;25;12;18.4;80;53
C16_475;03_05_2026;14:15;;C16;26;12;18.4;80;53
C16_476;03_05_2026;14:30;;C16;27;12;18.4;80;53
C16_504;04_05_2026;10:30;;C16;22;13.3;21.1;81;47
C16_509;04_05_2026;11:45;;C16;25;13.3;21.1;81;47
C16_510;04_05_2026;12:00;;C16;25;13.3;21.1;81;47
C16_511;04_05_2026;12:15;;C16;25;13.3;21.1;81;47
C16_517;04_05_2026;13:45;;C16;28;13.3;21.1;81;47
C16_519;04_05_2026;14:15;;C16;30;13.3;21.1;81;47
C16_520;04_05_2026;14:30;;C16;31;13.3;21.1;81;47
C16_521;04_05_2026;14:45;;C16;32;13.3;21.1;81;47
C16_522;04_05_2026;15:00;;C16;31;13.3;21.1;81;47
;;;;;;;;;
;;;;;;;;;
;;;;;;;;;
